,MAE,RMSE,R2,pct_within_20_units,pct_within_10pct
Barishal,2.269570398009956,3.243404380858094,0.9974581891750989,100.0,99.25373134328358
Chattogram,2.317130107526851,3.152148760177787,0.9975355524728335,100.0,100.0
Dhaka,1.8766038251365642,2.557824879275678,0.9984527298495178,100.0,99.18032786885246
Khulna,1.9516189701897249,2.8231711790653846,0.9976368657767491,100.0,100.0
Mymensingh,1.8734212560386048,2.825103612937471,0.997948492494837,100.0,100.0
Rajshahi,1.8173644257703265,2.6008912679509053,0.9983163402815882,100.0,100.0
Rangpur,2.089632151300289,3.0880544859831267,0.9976660782724787,100.0,98.58156028368793
Sylhet,2.0954040404039467,2.8576111319642306,0.9975821771359713,100.0,100.0
