,MAE,RMSE,R2,pct_within_20_units
Barishal,39.89531701657634,48.8250121885217,0.3990104978535044,25.37313432835821
Chattogram,40.1509801268545,49.722368797904,0.3797646379295262,27.419354838709676
Dhaka,38.82313210256971,47.474787993490054,0.45733874304408373,26.229508196721312
Khulna,37.01468628182388,46.188613548629974,0.367466081878984,34.959349593495936
Mymensingh,40.03890652867151,49.895542200652,0.35546095349966045,28.985507246376812
Rajshahi,39.70833488667581,50.20991829169946,0.36506210499998404,31.092436974789916
Rangpur,39.67671475766771,48.87047107680367,0.39954522898647793,28.368794326241137
Sylhet,36.15016086638322,44.31539724181056,0.41445731642723893,35.35353535353536
